type,group,url
content-group,sips,https://www.netdriven.com/Websites
content-group,sips,https://www.netdriven.com/Websites/Features
content-group,sips,https://www.netdriven.com/Websites/Our-Work
content-group,sips,https://www.netdriven.com/Digital-Marketing
content-group,sips,https://www.netdriven.com/Digital-Marketing/Paid-Search
content-group,sips,https://www.netdriven.com/Digital-Marketing/Social-Media
content-group,sips,https://www.netdriven.com/Digital-Marketing/SEO
content-group,sips,https://www.netdriven.com/Digital-Marketing/Local-Directories
content-group,sips,https://netdriven.lpages.co/keystone-automotive-turnkey-eshop/
content-group,sips,https://netdriven.lpages.co/km-tradeshow/
content-group,sips,https://netdriven.lpages.co/napa/
content-group,sips,https://netdriven.lpages.co/sema-tradeshow/
content-group,sips,https://netdriven.lpages.co/nd-tirehub-plus-vendor-program/
content-group,sips,https://netdriven.lpages.co/website-review-tool/
content-group,sips,https://netdriven.lpages.co/netsatradeshow/
content-group,sips,https://netdriven.lpages.co/jiffylubeshow/
content-group,content,https://netdriven.lpages.co/tire-business-webinar/
content-group,content,https://netdriven.lpages.co/seo-digital-trends/
conversion,content,https://netdriven.lpages.co/nd-tire-business-webinar-typ-112023/
conversion,content,https://netdriven.lpages.co/seo-best-practices-thank-you/
conversion,demo,https://www.netdriven.com/thank-you
